sona_id,red_jar_percentage,green_jar_percentage,red_jar_initial_probability,red_jar_initial_confidence,green_jar_initial_probability,green_jar_initial_confidence,experiment_start_time,experiment_end_time,demographics_gender,demographics_academic_year,demographics_major,demographics_minor,trial_type,phase,trial_number,timestamp,jar_type,jar_percentage,drawn_ball,ball_sequence,ball_sequence_length,estimated_probability,confidence,reaction_time,sample_balls,correct_jar,incorrect_jar,selected_jar,is_correct
,12,79,50,7,,,2026-02-24T15:31:20.095+00:00,2026-02-24T15:55:45.204+00:00,female,masters,english,,training,,1,2026-02-24T15:02:45.902+00:00,,,,,,,,,"[""white"", ""white"", ""white"", ""white"", ""white"", ""white"", ""white"", ""white"", ""white"", ""white""]",0,50,50,False
,12,79,50,7,,,2026-02-24T15:31:20.095+00:00,2026-02-24T15:55:45.204+00:00,female,masters,english,,training,,2,2026-02-24T15:03:12.401+00:00,,,,,,,,,"[""white"", ""white"", ""white"", ""white"", ""black"", ""black"", ""white"", ""white"", ""white"", ""black""]",30,10,30,True
,12,79,50,7,,,2026-02-24T15:31:20.095+00:00,2026-02-24T15:55:45.204+00:00,female,masters,english,,training,,3,2026-02-24T15:03:20.385+00:00,,,,,,,,,"[""black"", ""black"", ""black"", ""white"", ""black"", ""black"", ""black"", ""black"", ""black"", ""black""]",90,40,90,True
,12,79,50,7,,,2026-02-24T15:31:20.095+00:00,2026-02-24T15:55:45.204+00:00,female,masters,english,,training,,4,2026-02-24T15:03:30.602+00:00,,,,,,,,,"[""black"", ""white"", ""black"", ""black"", ""black"", ""white"", ""white"", ""white"", ""black"", ""white""]",50,90,50,True
,12,79,50,7,,,2026-02-24T15:31:20.095+00:00,2026-02-24T15:55:45.204+00:00,female,masters,english,,training,,5,2026-02-24T15:03:38.568+00:00,,,,,,,,,"[""white"", ""white"", ""white"", ""white"", ""white"", ""white"", ""white"", ""white"", ""white"", ""white""]",0,30,0,True
,12,79,50,7,,,2026-02-24T15:31:20.095+00:00,2026-02-24T15:55:45.204+00:00,female,masters,english,,training,,6,2026-02-24T15:03:44.068+00:00,,,,,,,,,"[""black"", ""black"", ""black"", ""white"", ""black"", ""black"", ""white"", ""black"", ""white"", ""black""]",70,100,70,True
,12,79,50,7,,,2026-02-24T15:31:20.095+00:00,2026-02-24T15:55:45.204+00:00,female,masters,english,,training,,7,2026-02-24T15:03:50.101+00:00,,,,,,,,,"[""white"", ""white"", ""white"", ""white"", ""black"", ""white"", ""white"", ""white"", ""white"", ""black""]",20,40,20,True
,12,79,50,7,,,2026-02-24T15:31:20.095+00:00,2026-02-24T15:55:45.204+00:00,female,masters,english,,training,,8,2026-02-24T15:03:56.868+00:00,,,,,,,,,"[""white"", ""white"", ""black"", ""black"", ""black"", ""white"", ""black"", ""black"", ""white"", ""black""]",60,20,60,True
,12,79,50,7,,,2026-02-24T15:31:20.095+00:00,2026-02-24T15:55:45.204+00:00,female,masters,english,,training,,9,2026-02-24T15:04:01.634+00:00,,,,,,,,,"[""white"", ""white"", ""white"", ""white"", ""white"", ""white"", ""white"", ""white"", ""white"", ""white""]",0,100,0,True
,12,79,50,7,,,2026-02-24T15:31:20.095+00:00,2026-02-24T15:55:45.204+00:00,female,masters,english,,training,,10,2026-02-24T15:04:07.051+00:00,,,,,,,,,"[""black"", ""white"", ""black"", ""black"", ""black"", ""black"", ""black"", ""black"", ""black"", ""white""]",80,30,80,True
,12,79,50,7,,,2026-02-24T15:31:20.095+00:00,2026-02-24T15:55:45.204+00:00,female,masters,english,,experiment,1,1,2026-02-24T15:06:14.801+00:00,red,0,white,"[""white""]",1,50,6,37092,,,,,
,12,79,50,7,,,2026-02-24T15:31:20.095+00:00,2026-02-24T15:55:45.204+00:00,female,masters,english,,experiment,1,2,2026-02-24T15:06:35.517+00:00,red,0,white,"[""white"", ""white""]",2,60,6,19175,,,,,
,12,79,50,7,,,2026-02-24T15:31:20.095+00:00,2026-02-24T15:55:45.204+00:00,female,masters,english,,experiment,1,3,2026-02-24T15:06:56.618+00:00,red,0,white,"[""white"", ""white"", ""white""]",3,65,5,19560,,,,,
,12,79,50,7,,,2026-02-24T15:31:20.095+00:00,2026-02-24T15:55:45.204+00:00,female,masters,english,,experiment,1,4,2026-02-24T15:07:05.684+00:00,red,0,white,"[""white"", ""white"", ""white"", ""white""]",4,50,5,7526,,,,,
,12,79,50,7,,,2026-02-24T15:31:20.095+00:00,2026-02-24T15:55:45.204+00:00,female,masters,english,,experiment,1,5,2026-02-24T15:07:13.234+00:00,red,0,white,"[""white"", ""white"", ""white"", ""white"", ""white""]",5,50,5,6010,,,,,
,12,79,50,7,,,2026-02-24T15:31:20.095+00:00,2026-02-24T15:55:45.204+00:00,female,masters,english,,experiment,1,6,2026-02-24T15:07:22.967+00:00,red,0,white,"[""white"", ""white"", ""white"", ""white"", ""white"", ""white""]",6,50,5,8193,,,,,
,12,79,50,7,,,2026-02-24T15:31:20.095+00:00,2026-02-24T15:55:45.204+00:00,female,masters,english,,experiment,1,7,2026-02-24T15:07:34.634+00:00,red,0,white,"[""white"", ""white"", ""white"", ""white"", ""white"", ""white"", ""white""]",7,50,5,10126,,,,,
,12,79,50,7,,,2026-02-24T15:31:20.095+00:00,2026-02-24T15:55:45.204+00:00,female,masters,english,,experiment,1,8,2026-02-24T15:07:44.95+00:00,red,0,white,"[""white"", ""white"", ""white"", ""white"", ""white"", ""white"", ""white"", ""white""]",8,50,5,8775,,,,,
,12,79,50,7,,,2026-02-24T15:31:20.095+00:00,2026-02-24T15:55:45.204+00:00,female,masters,english,,experiment,1,9,2026-02-24T15:07:53.167+00:00,red,0,white,"[""white"", ""white"", ""white"", ""white"", ""white"", ""white"", ""white"", ""white"", ""white""]",9,50,5,6676,,,,,
,12,79,50,7,,,2026-02-24T15:31:20.095+00:00,2026-02-24T15:55:45.204+00:00,female,masters,english,,experiment,1,10,2026-02-24T15:08:02.8+00:00,red,0,white,"[""white"", ""white"", ""white"", ""white"", ""white"", ""white"", ""white"", ""white"", ""white"", ""white""]",10,50,5,8092,,,,,
,12,79,50,7,,,2026-02-24T15:31:20.095+00:00,2026-02-24T15:55:45.204+00:00,female,masters,english,,experiment,1,11,2026-02-24T15:08:10.767+00:00,red,0,white,"[""white"", ""white"", ""white"", ""white"", ""white"", ""white"", ""white"", ""white"", ""white"", ""white"", ""white""]",11,50,5,6426,,,,,
,12,79,50,7,,,2026-02-24T15:31:20.095+00:00,2026-02-24T15:55:45.204+00:00,female,masters,english,,experiment,1,12,2026-02-24T15:08:18.184+00:00,red,0,white,"[""white"", ""white"", ""white"", ""white"", ""white"", ""white"", ""white"", ""white"", ""white"", ""white"", ""white"", ""white""]",12,50,5,5876,,,,,
,12,79,50,7,,,2026-02-24T15:31:20.095+00:00,2026-02-24T15:55:45.204+00:00,female,masters,english,,experiment,1,13,2026-02-24T15:08:24.834+00:00,red,0,white,"[""white"", ""white"", ""white"", ""white"", ""white"", ""white"", ""white"", ""white"", ""white"", ""white"", ""white"", ""white"", ""white""]",13,50,5,5111,,,,,
,12,79,50,7,,,2026-02-24T15:31:20.095+00:00,2026-02-24T15:55:45.204+00:00,female,masters,english,,experiment,1,14,2026-02-24T15:08:34.55+00:00,red,0,white,"[""white"", ""white"", ""white"", ""white"", ""white"", ""white"", ""white"", ""white"", ""white"", ""white"", ""white"", ""white"", ""white"", ""white""]",14,50,5,8176,,,,,
,12,79,50,7,,,2026-02-24T15:31:20.095+00:00,2026-02-24T15:55:45.204+00:00,female,masters,english,,experiment,1,15,2026-02-24T15:08:51.45+00:00,red,0,white,"[""white"", ""white"", ""white"", ""white"", ""white"", ""white"", ""white"", ""white"", ""white"", ""white"", ""white"", ""white"", ""white"", ""white"", ""white""]",15,50,5,15359,,,,,
,12,79,50,7,,,2026-02-24T15:31:20.095+00:00,2026-02-24T15:55:45.204+00:00,female,masters,english,,experiment,1,16,2026-02-24T15:08:59.033+00:00,red,0,white,"[""white"", ""white"", ""white"", ""white"", ""white"", ""white"", ""white"", ""white"", ""white"", ""white"", ""white"", ""white"", ""white"", ""white"", ""white"", ""white""]",16,50,5,6043,,,,,
,12,79,50,7,,,2026-02-24T15:31:20.095+00:00,2026-02-24T15:55:45.204+00:00,female,masters,english,,experiment,1,17,2026-02-24T15:09:05.45+00:00,red,0,white,"[""white"", ""white"", ""white"", ""white"", ""white"", ""white"", ""white"", ""white"", ""white"", ""white"", ""white"", ""white"", ""white"", ""white"", ""white"", ""white"", ""white""]",17,50,5,4876,,,,,
,12,79,50,7,,,2026-02-24T15:31:20.095+00:00,2026-02-24T15:55:45.204+00:00,female,masters,english,,experiment,1,18,2026-02-24T15:09:12.2+00:00,red,0,white,"[""white"", ""white"", ""white"", ""white"", ""white"", ""white"", ""white"", ""white"", ""white"", ""white"", ""white"", ""white"", ""white"", ""white"", ""white"", ""white"", ""white"", ""white""]",18,45,5,5210,,,,,
,12,79,50,7,,,2026-02-24T15:31:20.095+00:00,2026-02-24T15:55:45.204+00:00,female,masters,english,,experiment,1,19,2026-02-24T15:09:20.633+00:00,red,0,white,"[""white"", ""white"", ""white"", ""white"", ""white"", ""white"", ""white"", ""white"", ""white"", ""white"", ""white"", ""white"", ""white"", ""white"", ""white"", ""white"", ""white"", ""white"", ""white""]",19,40,5,6892,,,,,
,12,79,50,7,,,2026-02-24T15:31:20.095+00:00,2026-02-24T15:55:45.204+00:00,female,masters,english,,experiment,1,20,2026-02-24T15:09:37.317+00:00,red,0,white,"[""white"", ""white"", ""white"", ""white"", ""white"", ""white"", ""white"", ""white"", ""white"", ""white"", ""white"", ""white"", ""white"", ""white"", ""white"", ""white"", ""white"", ""white"", ""white"", ""white""]",20,40,5,15143,,,,,
,12,79,50,7,,,2026-02-24T15:31:20.095+00:00,2026-02-24T15:55:45.204+00:00,female,masters,english,,experiment,1,21,2026-02-24T15:09:47.483+00:00,red,0,white,"[""white"", ""white"", ""white"", ""white"", ""white"", ""white"", ""white"", ""white"", ""white"", ""white"", ""white"", ""white"", ""white"", ""white"", ""white"", ""white"", ""white"", ""white"", ""white"", ""white"", ""white""]",21,35,6,8626,,,,,
,12,79,50,7,,,2026-02-24T15:31:20.095+00:00,2026-02-24T15:55:45.204+00:00,female,masters,english,,experiment,1,22,2026-02-24T15:09:56.399+00:00,red,0,white,"[""white"", ""white"", ""white"", ""white"", ""white"", ""white"", ""white"", ""white"", ""white"", ""white"", ""white"", ""white"", ""white"", ""white"", ""white"", ""white"", ""white"", ""white"", ""white"", ""white"", ""white"", ""white""]",22,25,6,7375,,,,,
,12,79,50,7,,,2026-02-24T15:31:20.095+00:00,2026-02-24T15:55:45.204+00:00,female,masters,english,,experiment,1,23,2026-02-24T15:10:06.316+00:00,red,0,white,"[""white"", ""white"", ""white"", ""white"", ""white"", ""white"", ""white"", ""white"", ""white"", ""white"", ""white"", ""white"", ""white"", ""white"", ""white"", ""white"", ""white"", ""white"", ""white"", ""white"", ""white"", ""white"", ""white""]",23,25,5,8377,,,,,
,12,79,50,7,,,2026-02-24T15:31:20.095+00:00,2026-02-24T15:55:45.204+00:00,female,masters,english,,experiment,1,24,2026-02-24T15:10:18.866+00:00,red,0,white,"[""white"", ""white"", ""white"", ""white"", ""white"", ""white"", ""white"", ""white"", ""white"", ""white"", ""white"", ""white"", ""white"", ""white"", ""white"", ""white"", ""white"", ""white"", ""white"", ""white"", ""white"", ""white"", ""white"", ""white""]",24,30,5,11009,,,,,
,12,79,50,7,,,2026-02-24T15:31:20.095+00:00,2026-02-24T15:55:45.204+00:00,female,masters,english,,experiment,1,25,2026-02-24T15:10:33.833+00:00,red,0,white,"[""white"", ""white"", ""white"", ""white"", ""white"", ""white"", ""white"", ""white"", ""white"", ""white"", ""white"", ""white"", ""white"", ""white"", ""white"", ""white"", ""white"", ""white"", ""white"", ""white"", ""white"", ""white"", ""white"", ""white"", ""white""]",25,30,5,13426,,,,,
,12,79,50,7,,,2026-02-24T15:31:20.095+00:00,2026-02-24T15:55:45.204+00:00,female,masters,english,,experiment,1,26,2026-02-24T15:10:42.482+00:00,red,0,white,"[""white"", ""white"", ""white"", ""white"", ""white"", ""white"", ""white"", ""white"", ""white"", ""white"", ""white"", ""white"", ""white"", ""white"", ""white"", ""white"", ""white"", ""white"", ""white"", ""white"", ""white"", ""white"", ""white"", ""white"", ""white"", ""white""]",26,30,5,7109,,,,,
,12,79,50,7,,,2026-02-24T15:31:20.095+00:00,2026-02-24T15:55:45.204+00:00,female,masters,english,,experiment,1,27,2026-02-24T15:10:51.167+00:00,red,0,white,"[""white"", ""white"", ""white"", ""white"", ""white"", ""white"", ""white"", ""white"", ""white"", ""white"", ""white"", ""white"", ""white"", ""white"", ""white"", ""white"", ""white"", ""white"", ""white"", ""white"", ""white"", ""white"", ""white"", ""white"", ""white"", ""white"", ""white""]",27,30,5,7143,,,,,
,12,79,50,7,,,2026-02-24T15:31:20.095+00:00,2026-02-24T15:55:45.204+00:00,female,masters,english,,experiment,1,28,2026-02-24T15:10:59.266+00:00,red,0,white,"[""white"", ""white"", ""white"", ""white"", ""white"", ""white"", ""white"", ""white"", ""white"", ""white"", ""white"", ""white"", ""white"", ""white"", ""white"", ""white"", ""white"", ""white"", ""white"", ""white"", ""white"", ""white"", ""white"", ""white"", ""white"", ""white"", ""white"", ""white""]",28,30,5,6559,,,,,
,12,79,50,7,,,2026-02-24T15:31:20.095+00:00,2026-02-24T15:55:45.204+00:00,female,masters,english,,experiment,1,29,2026-02-24T15:11:23.849+00:00,red,0,white,"[""white"", ""white"", ""white"", ""white"", ""white"", ""white"", ""white"", ""white"", ""white"", ""white"", ""white"", ""white"", ""white"", ""white"", ""white"", ""white"", ""white"", ""white"", ""white"", ""white"", ""white"", ""white"", ""white"", ""white"", ""white"", ""white"", ""white"", ""white"", ""white""]",29,30,5,23042,,,,,
,12,79,50,7,,,2026-02-24T15:31:20.095+00:00,2026-02-24T15:55:45.204+00:00,female,masters,english,,experiment,1,30,2026-02-24T15:11:32.866+00:00,red,0,white,"[""white"", ""white"", ""white"", ""white"", ""white"", ""white"", ""white"", ""white"", ""white"", ""white"", ""white"", ""white"", ""white"", ""white"", ""white"", ""white"", ""white"", ""white"", ""white"", ""white"", ""white"", ""white"", ""white"", ""white"", ""white"", ""white"", ""white"", ""white"", ""white"", ""white""]",30,25,3,7476,,,,,
,12,79,50,7,,,2026-02-24T15:31:20.095+00:00,2026-02-24T15:55:45.204+00:00,female,masters,english,,experiment,1,31,2026-02-24T15:11:45.815+00:00,red,0,white,"[""white"", ""white"", ""white"", ""white"", ""white"", ""white"", ""white"", ""white"", ""white"", ""white"", ""white"", ""white"", ""white"", ""white"", ""white"", ""white"", ""white"", ""white"", ""white"", ""white"", ""white"", ""white"", ""white"", ""white"", ""white"", ""white"", ""white"", ""white"", ""white"", ""white"", ""white""]",31,20,3,11408,,,,,
,12,79,50,7,,,2026-02-24T15:31:20.095+00:00,2026-02-24T15:55:45.204+00:00,female,masters,english,,experiment,1,32,2026-02-24T15:11:54.266+00:00,red,0,white,"[""white"", ""white"", ""white"", ""white"", ""white"", ""white"", ""white"", ""white"", ""white"", ""white"", ""white"", ""white"", ""white"", ""white"", ""white"", ""white"", ""white"", ""white"", ""white"", ""white"", ""white"", ""white"", ""white"", ""white"", ""white"", ""white"", ""white"", ""white"", ""white"", ""white"", ""white"", ""white""]",32,25,4,6910,,,,,
,12,79,50,7,,,2026-02-24T15:31:20.095+00:00,2026-02-24T15:55:45.204+00:00,female,masters,english,,experiment,1,33,2026-02-24T15:12:01.966+00:00,red,0,white,"[""white"", ""white"", ""white"", ""white"", ""white"", ""white"", ""white"", ""white"", ""white"", ""white"", ""white"", ""white"", ""white"", ""white"", ""white"", ""white"", ""white"", ""white"", ""white"", ""white"", ""white"", ""white"", ""white"", ""white"", ""white"", ""white"", ""white"", ""white"", ""white"", ""white"", ""white"", ""white"", ""white""]",33,20,3,6159,,,,,
